"Sales and Marketing","Categories","link of website"
"CRM Software","Sales Software","https://www.g2.com/categories/crm"
"Sales Compensation Software","Sales Software","https://www.g2.com/categories/sales-compensation"
"AI Sales Assistant Software","Sales Software","https://www.g2.com/categories/ai-sales-assistant"
"Auto Dialer Software","Sales Software","https://www.g2.com/categories/auto-dialer"
"Contract Analytics Software","Sales Software","https://www.g2.com/categories/contract-analytics"
"Contract Lifecycle Management (CLM) Software","Sales Software","https://www.g2.com/categories/contract-lifecycle-management-clm"
"Contract Management Software","Sales Software","https://www.g2.com/categories/contract-management"
"Customer Revenue Optimization (CRO) Software","Sales Software","https://www.g2.com/categories/customer-revenue-optimization"
"E-Signature Software","Sales Software","https://www.g2.com/categories/e-signature"
"Field Sales Software","Sales Software","https://www.g2.com/categories/field-sales"
"Other Sales Software","Sales Software","https://www.g2.com/categories/other-sales"
"Partner Ecosystem Platforms Software","Sales Software","https://www.g2.com/categories/partner-ecosystem-platforms"
"Partner Management Software","Sales Software","https://www.g2.com/categories/partner-management"
"Expand/Collapse Quote Management Software","Sales Software","https://www.g2.com/categories#"
"CPQ Software","Quote Management Software","https://www.g2.com/categories/cpq"
"Pricing Software","Quote Management Software","https://www.g2.com/categories/pricing"
"Proposal Software","Quote Management Software","https://www.g2.com/categories/proposal"
"Quote-to-Cash Software","Quote Management Software","https://www.g2.com/categories/quote-to-cash"
"Visual Configuration Software","Quote Management Software","https://www.g2.com/categories/visual-configuration"
"Revenue Operations & Intelligence (RO&I) Software","Sales Software","https://www.g2.com/categories/revenue-operations-intelligence-ro-i"
"Expand/Collapse Sales Acceleration Software","Sales Software","https://www.g2.com/categories#"
"Conversation Intelligence Software","Sales Acceleration Software","https://www.g2.com/categories/conversation-intelligence"
"Digital Sales Room Software","Sales Acceleration Software","https://www.g2.com/categories/digital-sales-room"
"Email Tracking Software","Sales Acceleration Software","https://www.g2.com/categories/email-tracking"
"Lead-to-Account Matching and Routing Software","Sales Acceleration Software","https://www.g2.com/categories/lead-to-account-matching-and-routing"
"Outbound Call Tracking Software","Sales Acceleration Software","https://www.g2.com/categories/outbound-call-tracking"
"Presales Software","Sales Acceleration Software","https://www.g2.com/categories/presales"
"Sales Coaching Software","Sales Acceleration Software","https://www.g2.com/categories/sales-coaching"
"Sales Enablement Software","Sales Acceleration Software","https://www.g2.com/categories/sales-enablement"
"Sales Engagement Software","Sales Acceleration Software","https://www.g2.com/categories/sales-engagement"
"Salesforce CRM Document Generation Software","Sales Acceleration Software","https://www.g2.com/categories/salesforce-crm-document-generation"
"Sales Performance Management Software","Sales Acceleration Software","https://www.g2.com/categories/sales-performance-management"
"Sales Planning Software","Sales Acceleration Software","https://www.g2.com/categories/sales-planning"
"Sales Training and Onboarding Software","Sales Acceleration Software","https://www.g2.com/categories/sales-training-and-onboarding"
"Sales Acceleration Platforms","Sales Software","https://www.g2.com/categories/sales-acceleration-platforms"
"Sales Analytics Software","Sales Software","https://www.g2.com/categories/sales-analytics"
"Sales Gamification Software","Sales Software","https://www.g2.com/categories/sales-gamification"
"Sales Intelligence Software","Sales Software","https://www.g2.com/categories/sales-intelligence"
"Sales Platforms Software","Sales Software","https://www.g2.com/categories/sales-platforms"
"Expand/Collapse Account-Based Marketing Software","Marketing Software","https://www.g2.com/categories#"
"Account-Based Analytics Software","Account-Based Marketing Software","https://www.g2.com/categories/account-based-analytics"
"Account-Based Data Software","Account-Based Marketing Software","https://www.g2.com/categories/account-based-data"
"Buyer Intent Data Providers","Account-Based Data Software","https://www.g2.com/categories/buyer-intent-data-providers"
"Marketing Account Intelligence Software","Account-Based Data Software","https://www.g2.com/categories/marketing-account-intelligence"
"Account-Based Execution Software","Account-Based Marketing Software","https://www.g2.com/categories/account-based-execution"
"Account-Based Advertising Software","Account-Based Execution Software","https://www.g2.com/categories/account-based-advertising"
"Account-Based Direct Mail Software","Account-Based Execution Software","https://www.g2.com/categories/account-based-direct-mail"
"Account-Based Web and Content Experiences Software","Account-Based Execution Software","https://www.g2.com/categories/account-based-web-and-content-experiences"
"Account-Based Orchestration Platforms","Account-Based Marketing Software","https://www.g2.com/categories/account-based-orchestration-platforms"
"Account Data Management Software","Account-Based Marketing Software","https://www.g2.com/categories/account-data-management"
"Affiliate Marketing Software","Marketing Software","https://www.g2.com/categories/affiliate-marketing"
"App Store Optimization Software","Marketing Software","https://www.g2.com/categories/app-store-optimization"
"Attribution Software","Marketing Software","https://www.g2.com/categories/attribution"
"Audience Intelligence Platforms","Marketing Software","https://www.g2.com/categories/audience-intelligence-platforms"
"B2B Services Review Platforms","Marketing Software","https://www.g2.com/categories/b2b-services-review-platforms"
"Blogger Outreach Software","Marketing Software","https://www.g2.com/categories/blogger-outreach"
"Book Marketing Tools","Marketing Software","https://www.g2.com/categories/book-marketing-tools"
"Brand Intelligence Software","Marketing Software","https://www.g2.com/categories/brand-intelligence"
"Competitive Intelligence Software","Marketing Software","https://www.g2.com/categories/competitive-intelligence"
"Consumer Video Feedback Software","Marketing Software","https://www.g2.com/categories/consumer-video-feedback"
"Expand/Collapse Content Marketing Software","Marketing Software","https://www.g2.com/categories#"
"Content Analytics Software","Content Marketing Software","https://www.g2.com/categories/content-analytics"
"Content Creation Software","Content Marketing Software","https://www.g2.com/categories/content-creation"
"Content Curation Software","Content Marketing Software","https://www.g2.com/categories/content-curation"
"Content Distribution Software","Content Marketing Software","https://www.g2.com/categories/content-distribution"
"Content Experience Platforms","Content Marketing Software","https://www.g2.com/categories/content-experience-platforms"
"Conversational Marketing Software","Marketing Software","https://www.g2.com/categories/conversational-marketing"
"Expand/Collapse Conversion Rate Optimization Software","Marketing Software","https://www.g2.com/categories#"
"A/B Testing Software","Conversion Rate Optimization Software","https://www.g2.com/categories/a-b-testing"
"Heatmap Tools","Conversion Rate Optimization Software","https://www.g2.com/categories/heatmap-tools"
"Landing Page Builders","Conversion Rate Optimization Software","https://www.g2.com/categories/landing-page-builders"
"Other Conversion Rate Optimization Software","Conversion Rate Optimization Software","https://www.g2.com/categories/other-conversion-rate-optimization"
"Product Analytics Software","Conversion Rate Optimization Software","https://www.g2.com/categories/product-analytics"
"Session Replay Software","Conversion Rate Optimization Software","https://www.g2.com/categories/session-replay"
"Customer Data Platforms (CDP)","Marketing Software","https://www.g2.com/categories/customer-data-platform-cdp"
"Customer Journey Analytics Software","Marketing Software","https://www.g2.com/categories/customer-journey-analytics"
"Customer Journey Mapping Software","Marketing Software","https://www.g2.com/categories/customer-journey-mapping"
"Customer-to-Customer (C2C) Community Marketing Software","Marketing Software","https://www.g2.com/categories/customer-to-customer-c2c-community-marketing"
"Expand/Collapse Demand Generation Software","Marketing Software","https://www.g2.com/categories#"
"Brand Advocacy Software","Demand Generation Software","https://www.g2.com/categories/brand-advocacy"
"Customer Advocacy Software","Brand Advocacy Software","https://www.g2.com/categories/customer-advocacy"
"Employee Advocacy Software","Brand Advocacy Software","https://www.g2.com/categories/employee-advocacy"
"Lead Generation Software","Demand Generation Software","https://www.g2.com/categories/lead-generation"
"Lead Capture Software","Lead Generation Software","https://www.g2.com/categories/lead-capture"
"Lead Intelligence Software","Lead Generation Software","https://www.g2.com/categories/lead-intelligence"
"Lead Mining Software","Lead Generation Software","https://www.g2.com/categories/lead-mining"
"Lead Scoring Software","Lead Generation Software","https://www.g2.com/categories/lead-scoring"
"Other Lead Generation Software","Lead Generation Software","https://www.g2.com/categories/other-lead-generation"
"Visitor Identification Software","Lead Generation Software","https://www.g2.com/categories/visitor-identification"
"Loyalty Management Software","Demand Generation Software","https://www.g2.com/categories/loyalty-management"
"Digital Analytics Software","Marketing Software","https://www.g2.com/categories/digital-analytics"
"Digital Signage Software","Marketing Software","https://www.g2.com/categories/digital-signage"
"Direct Mail Automation Software","Marketing Software","https://www.g2.com/categories/direct-mail-automation"
"Email Deliverability Software","Marketing Software","https://www.g2.com/categories/email-deliverability"
"Email Marketing Software","Marketing Software","https://www.g2.com/categories/email-marketing"
"Email Signature Software","Marketing Software","https://www.g2.com/categories/email-signature"
"Email Template Builder Software","Marketing Software","https://www.g2.com/categories/email-template-builder"
"Email Testing Software","Marketing Software","https://www.g2.com/categories/email-testing"
"Expand/Collapse Event Management Software","Marketing Software","https://www.g2.com/categories#"
"Audience Response Software","Event Management Software","https://www.g2.com/categories/audience-response"
"Box Office Software","Event Management Software","https://www.g2.com/categories/box-office"
"Event Management Platforms","Event Management Software","https://www.g2.com/categories/event-management-platforms"
"Event Marketing Software","Event Management Software","https://www.g2.com/categories/event-marketing"
"Event Networking and Matchmaking","Event Management Software","https://www.g2.com/categories/event-networking-and-matchmaking"
"Event Planning Software","Event Management Software","https://www.g2.com/categories/event-planning"
"Event Registration and Ticketing Software","Event Management Software","https://www.g2.com/categories/event-registration-ticketing"
"Lead Retrieval Software","Event Management Software","https://www.g2.com/categories/lead-retrieval"
"Mobile Event Apps","Event Management Software","https://www.g2.com/categories/mobile-event-apps"
"Other Event Management Software","Event Management Software","https://www.g2.com/categories/other-event-management"
"Venue Management Software","Event Management Software","https://www.g2.com/categories/venue-management"
"Virtual Event Platforms","Event Management Software","https://www.g2.com/categories/virtual-event-platforms"
"Gamification Software","Marketing Software","https://www.g2.com/categories/gamification"
"Inbound Call Tracking Software","Marketing Software","https://www.g2.com/categories/inbound-call-tracking"
"Expand/Collapse Local Marketing Software","Marketing Software","https://www.g2.com/categories#"
"Local Listing Management Software","Local Marketing Software","https://www.g2.com/categories/local-listing-management"
"Local SEO Software","Local Marketing Software","https://www.g2.com/categories/local-seo"
"Store Locator Software","Local Marketing Software","https://www.g2.com/categories/store-locator"
"Location-Based Marketing Software","Marketing Software","https://www.g2.com/categories/location-based-marketing"
"Marketing Analytics Software","Marketing Software","https://www.g2.com/categories/marketing-analytics"
"Marketing Automation Software","Marketing Software","https://www.g2.com/categories/marketing-automation"
"Marketing Calendar Software","Marketing Software","https://www.g2.com/categories/marketing-calendar"
"Marketing Platforms Software","Marketing Software","https://www.g2.com/categories/marketing-platforms"
"Marketing Resource Management Software","Marketing Software","https://www.g2.com/categories/marketing-resource-management"
"Market Intelligence Software","Marketing Software","https://www.g2.com/categories/market-intelligence"
"Mobile Attribution Software","Marketing Software","https://www.g2.com/categories/mobile-attribution"
"Mobile Marketing Software","Marketing Software","https://www.g2.com/categories/mobile-marketing"
"Multi-level Marketing (MLM) Software","Marketing Software","https://www.g2.com/categories/multi-level-marketing-mlm"
"Online Community Management Software","Marketing Software","https://www.g2.com/categories/online-community-management"
"Online Reputation Management Software","Marketing Software","https://www.g2.com/categories/online-reputation-management"
"Other Marketing Software","Marketing Software","https://www.g2.com/categories/other-marketing"
"Personalization Software","Marketing Software","https://www.g2.com/categories/personalization"
"Personalization Engines","Marketing Software","https://www.g2.com/categories/personalization-engines"
"Pop-Up Builder Software","Marketing Software","https://www.g2.com/categories/pop-up-builder"
"Print Fulfillment Software","Marketing Software","https://www.g2.com/categories/print-fulfillment"
"Promotional Product Management Software","Marketing Software","https://www.g2.com/categories/promotional-product-management"
"Expand/Collapse Public Relations (PR) Software","Marketing Software","https://www.g2.com/categories#"
"Media and Influencer Targeting Software","Public Relations (PR) Software","https://www.g2.com/categories/media-and-influencer-targeting"
"Media Monitoring Software","Public Relations (PR) Software","https://www.g2.com/categories/media-monitoring"
"Other Public Relations Software","Public Relations (PR) Software","https://www.g2.com/categories/other-public-relations"
"PR Analytics Software","Public Relations (PR) Software","https://www.g2.com/categories/pr-analytics"
"PR CRM Software","Public Relations (PR) Software","https://www.g2.com/categories/pr-crm"
"Press Release Distribution Software","Public Relations (PR) Software","https://www.g2.com/categories/press-release-distribution"
"Push Notification Software","Marketing Software","https://www.g2.com/categories/push-notification"
"QR Code Generator Software","Marketing Software","https://www.g2.com/categories/qr-code-generator"
"Rewards and Incentives Software","Marketing Software","https://www.g2.com/categories/rewards-and-incentives"
"SEO Software","Marketing Software","https://www.g2.com/categories/seo"
"Smart Link Software","Marketing Software","https://www.g2.com/categories/smart-link"
"SMS Marketing Software","Marketing Software","https://www.g2.com/categories/sms-marketing"
"Expand/Collapse Social Media Marketing Software","Marketing Software","https://www.g2.com/categories#"
"Hashtag Monitoring Software","Social Media Marketing Software","https://www.g2.com/categories/hashtag-monitoring"
"Influencer Marketing Platforms","Social Media Marketing Software","https://www.g2.com/categories/influencer-marketing-platforms"
"Other Social Media Software","Social Media Marketing Software","https://www.g2.com/categories/other-social-media"
"Social Media Analytics Software","Social Media Marketing Software","https://www.g2.com/categories/social-media-analytics"
"Social Media Management Software","Social Media Marketing Software","https://www.g2.com/categories/social-media-mgmt"
"Social Media Monitoring Software","Social Media Marketing Software","https://www.g2.com/categories/social-media-monitoring"
"Social Media Suites","Social Media Marketing Software","https://www.g2.com/categories/social-media-suites"
"Sweepstakes Software","Marketing Software","https://www.g2.com/categories/sweepstakes"
"Tag Management Software","Marketing Software","https://www.g2.com/categories/tag-management"
"Technology Research Services","Marketing Software","https://www.g2.com/categories/technology-research-services"
"Technology Review Platforms","Marketing Software","https://www.g2.com/categories/technology-review-platforms"
"Through-Channel Marketing Software","Marketing Software","https://www.g2.com/categories/through-channel-marketing"
"Transactional Email Software","Marketing Software","https://www.g2.com/categories/transactional-email"
"URL Shortener","Marketing Software","https://www.g2.com/categories/url-shortener"
"User Research Software","Marketing Software","https://www.g2.com/categories/user-research"
"Webinar Software","Marketing Software","https://www.g2.com/categories/webinar"
